Workbook

Sheet Freight
A1: Total container movements | B1: 14600000
A2: Total bulk/liquid/general | B2: 37400000
A3: TOTAL | B3: =B1+B2 -> 52000000
A4: Daily truck movements | B4: 142000
A6: North/South Split | B6: 70/30
A7: Trailer/Truck split | B7: 50/50
A8: Modal Split | B8: 96/2/2
A9: Chattogram Port | B9: 0.37
A10: Bay Terminal | B10: 0.34
A11: South Ports | B11: 0.29
A14: TOTAL (veh/day)
A15: O/D | B15: N1 Junction | C15: Bay Terminal | D15: Chattogram Port | E15: South | F15: SUM
A16: N1 Junction | B16: 0 | C16: 13399 | D16: 8750 | E16: 11428 | F16: =SUM(B16:E16) -> 33577
A17: Bay Terminal | B17: 13399 | C17: 0 | D17: 986 | E17: 5743 | F17: =SUM(B17:E17) -> 20128
A18: Chattogram Port | B18: 8750 | C18: 986 | D18: 0 | E18: 6249 | F18: =SUM(B18:E18) -> 15985
A19: South | B19: 11428 | C19: 5743 | D19: 6249 | E19: 4899 | F19: =SUM(B19:E19) -> 28319
A20: SUM | B20: =SUM(B16:B19) -> 33577 | C20: =SUM(C16:C19) -> 20128 | D20: =SUM(D16:D19) -> 15985 | E20: =SUM(E16:E19) -> 28319 | F20: =SUM(F16:F19) -> 98009
A23: Trailers (veh/day) | H23: Trailers (veh/hour)
A24: O/D | B24: N1 Junction | C24: Bay Terminal | D24: Chattogram Port | E24: South | F24: SUM | H24: O/D | I24: N1 Junction | J24: Bay Terminal | K24: Chattogram Port | L24: South | M24: SUM
A25: N1 Junction | B25: 0 | C25: 1678 | D25: 1096 | E25: 1431 | F25: =SUM(B25:E25) -> 4205 | H25: N1 Junction | I25: =ROUND(B25/24, 0) -> 0 | J25: =ROUND(C25/24, 0) -> 70 | K25: =ROUND(D25/24, 0) -> 46 | L25: =ROUND(E25/24, 0) -> 60 | M25: =SUM(I25:L25) -> 176
A26: Bay Terminal | B26: 1678 | C26: 0 | D26: 493 | E26: 719 | F26: =SUM(B26:E26) -> 2890 | H26: Bay Terminal | I26: =ROUND(B26/24, 0) -> 70 | J26: =ROUND(C26/24, 0) -> 0 | K26: =ROUND(D26/24, 0) -> 21 | L26: =ROUND(E26/24, 0) -> 30 | M26: =SUM(I26:L26) -> 121
A27: Chattogram Port | B27: 1096 | C27: 493 | D27: 0 | E27: 782 | F27: =SUM(B27:E27) -> 2371 | H27: Chattogram Port | I27: =ROUND(B27/24, 0) -> 46 | J27: =ROUND(C27/24, 0) -> 21 | K27: =ROUND(D27/24, 0) -> 0 | L27: =ROUND(E27/24, 0) -> 33 | M27: =SUM(I27:L27) -> 100
A28: South | B28: 1431 | C28: 719 | D28: 782 | E28: 614 | F28: =SUM(B28:E28) -> 3546 | H28: South | I28: =ROUND(B28/24, 0) -> 60 | J28: =ROUND(C28/24, 0) -> 30 | K28: =ROUND(D28/24, 0) -> 33 | L28: =ROUND(E28/24, 0) -> 26 | M28: =SUM(I28:L28) -> 149
A29: SUM | B29: =SUM(B25:B28) -> 4205 | C29: =SUM(C25:C28) -> 2890 | D29: =SUM(D25:D28) -> 2371 | E29: =SUM(E25:E28) -> 3546 | F29: =SUM(F25:F28) -> 13012 | H29: SUM | I29: =SUM(I25:I28) -> 176 | J29: =SUM(J25:J28) -> 121 | K29: =SUM(K25:K28) -> 100 | L29: =SUM(L25:L28) -> 149 | M29: =SUM(I29:L29) -> 546
A32: Trucks (veh/day) | H32: Trucks (veh/hour)
A33: O/D | B33: N1 Junction | C33: Bay Terminal | D33: Chattogram Port | E33: South | F33: SUM | H33: O/D | I33: N1 Junction | J33: Bay Terminal | K33: Chattogram Port | L33: South | M33: SUM
A34: N1 Junction | B34: 0 | C34: 11721 | D34: 7654 | E34: 9997 | F34: =SUM(B34:E34) -> 29372 | H34: N1 Junction | I34: =ROUND(B34/24, 0) -> 0 | J34: =ROUND(C34/24, 0) -> 488 | K34: =ROUND(D34/24, 0) -> 319 | L34: =ROUND(E34/24, 0) -> 417 | M34: =SUM(I34:L34) -> 1224
A35: Bay Terminal | B35: 11721 | C35: 0 | D35: 493 | E35: 5743 | F35: =SUM(B35:E35) -> 17957 | H35: Bay Terminal | I35: =ROUND(B35/24, 0) -> 488 | J35: =ROUND(C35/24, 0) -> 0 | K35: =ROUND(D35/24, 0) -> 21 | L35: =ROUND(E35/24, 0) -> 239 | M35: =SUM(I35:L35) -> 748
A36: Chattogram Port | B36: 7654 | C36: 493 | D36: 0 | E36: 6249 | F36: =SUM(B36:E36) -> 14396 | H36: Chattogram Port | I36: =ROUND(B36/24, 0) -> 319 | J36: =ROUND(C36/24, 0) -> 21 | K36: =ROUND(D36/24, 0) -> 0 | L36: =ROUND(E36/24, 0) -> 260 | M36: =SUM(I36:L36) -> 600
A37: South | B37: 9997 | C37: 5743 | D37: 6249 | E37: 4899 | F37: =SUM(B37:E37) -> 26888 | H37: South | I37: =ROUND(B37/24, 0) -> 417 | J37: =ROUND(C37/24, 0) -> 239 | K37: =ROUND(D37/24, 0) -> 260 | L37: =ROUND(E37/24, 0) -> 204 | M37: =SUM(I37:L37) -> 1120
A38: SUM | B38: =SUM(B34:B37) -> 29372 | C38: =SUM(C34:C37) -> 17957 | D38: =SUM(D34:D37) -> 14396 | E38: =SUM(E34:E37) -> 26888 | F38: =SUM(F34:F37) -> 88613 | H38: SUM | I38: =SUM(I34:I37) -> 1224 | J38: =SUM(J34:J37) -> 748 | K38: =SUM(K34:K37) -> 600 | L38: =SUM(L34:L37) -> 1120 | M38: =SUM(I38:L38) -> 3692
A42: SUM ALL VEH/DAY | H42: SUM ALL VEH/HOUR
A43: O/D | B43: N1 Junction | C43: Bay Terminal | D43: Chattogram Port | E43: South | F43: SUM | H43: O/D | I43: N1 Junction | J43: Bay Terminal | K43: Chattogram Port | L43: South | M43: SUM
A44: N1 Junction | B44: =B25+B34+'Local Traffic'!B3+'Local Traffic'!B12+'Local Traffic'!B21 -> 0 | C44: =C25+C34+'Local Traffic'!C3+'Local Traffic'!C12+'Local Traffic'!C21 -> 26989 | D44: =D25+D34+'Local Traffic'!D3+'Local Traffic'!D12+'Local Traffic'!D21 -> 16906 | E44: =E25+E34+'Local Traffic'!E3+'Local Traffic'!E12+'Local Traffic'!E21 -> 17796 | F44: =SUM(B44:E44) -> 61691 | H44: N1 Junction | I44: =I25+I34+'Local Traffic'!I3+'Local Traffic'!I12+'Local Traffic'!I21 -> 0 | J44: =J25+J34+'Local Traffic'!J3+'Local Traffic'!J12+'Local Traffic'!J21 -> 1125 | K44: =K25+K34+'Local Traffic'!K3+'Local Traffic'!K12+'Local Traffic'!K21 -> 705 | L44: =L25+L34+'Local Traffic'!L3+'Local Traffic'!L12+'Local Traffic'!L21 -> 742 | M44: =SUM(I44:L44) -> 2572
A45: Bay Terminal | B45: =B26+B35+'Local Traffic'!B4+'Local Traffic'!B13+'Local Traffic'!B22 -> 26989 | C45: =C26+C35+'Local Traffic'!C4+'Local Traffic'!C13+'Local Traffic'!C22 -> 0 | D45: =D26+D35+'Local Traffic'!D4+'Local Traffic'!D13+'Local Traffic'!D22 -> 986 | E45: =E26+E35+'Local Traffic'!E4+'Local Traffic'!E13+'Local Traffic'!E22 -> 16265 | F45: =SUM(B45:E45) -> 44240 | H45: Bay Terminal | I45: =I26+I35+'Local Traffic'!I4+'Local Traffic'!I13+'Local Traffic'!I22 -> 1125 | J45: =J26+J35+'Local Traffic'!J4+'Local Traffic'!J13+'Local Traffic'!J22 -> 0 | K45: =K26+K35+'Local Traffic'!K4+'Local Traffic'!K13+'Local Traffic'!K22 -> 42 | L45: =L26+L35+'Local Traffic'!L4+'Local Traffic'!L13+'Local Traffic'!L22 -> 677 | M45: =SUM(I45:L45) -> 1844
A46: Chattogram Port | B46: =B27+B36+'Local Traffic'!B5+'Local Traffic'!B14+'Local Traffic'!B23 -> 16906 | C46: =C27+C36+'Local Traffic'!C5+'Local Traffic'!C14+'Local Traffic'!C23 -> 986 | D46: =D27+D36+'Local Traffic'!D5+'Local Traffic'!D14+'Local Traffic'!D23 -> 0 | E46: =E27+E36+'Local Traffic'!E5+'Local Traffic'!E14+'Local Traffic'!E23 -> 16835 | F46: =SUM(B46:E46) -> 34727 | H46: Chattogram Port | I46: =I27+I36+'Local Traffic'!I5+'Local Traffic'!I14+'Local Traffic'!I23 -> 705 | J46: =J27+J36+'Local Traffic'!J5+'Local Traffic'!J14+'Local Traffic'!J23 -> 42 | K46: =K27+K36+'Local Traffic'!K5+'Local Traffic'!K14+'Local Traffic'!K23 -> 0 | L46: =L27+L36+'Local Traffic'!L5+'Local Traffic'!L14+'Local Traffic'!L23 -> 701 | M46: =SUM(I46:L46) -> 1448
A47: South | B47: =B28+B37+'Local Traffic'!B6+'Local Traffic'!B15+'Local Traffic'!B24 -> 17796 | C47: =C28+C37+'Local Traffic'!C6+'Local Traffic'!C15+'Local Traffic'!C24 -> 16265 | D47: =D28+D37+'Local Traffic'!D6+'Local Traffic'!D15+'Local Traffic'!D24 -> 16835 | E47: =E28+E37+'Local Traffic'!E6+'Local Traffic'!E15+'Local Traffic'!E24 -> 5513 | F47: =SUM(B47:E47) -> 56409 | H47: South | I47: =I28+I37+'Local Traffic'!I6+'Local Traffic'!I15+'Local Traffic'!I24 -> 742 | J47: =J28+J37+'Local Traffic'!J6+'Local Traffic'!J15+'Local Traffic'!J24 -> 677 | K47: =K28+K37+'Local Traffic'!K6+'Local Traffic'!K15+'Local Traffic'!K24 -> 701 | L47: =L28+L37+'Local Traffic'!L6+'Local Traffic'!L15+'Local Traffic'!L24 -> 230 | M47: =SUM(I47:L47) -> 2350
A48: SUM | B48: =SUM(B44:B47) -> 61691 | C48: =SUM(C44:C47) -> 44240 | D48: =SUM(D44:D47) -> 34727 | E48: =SUM(E44:E47) -> 56409 | F48: =SUM(F44:F47) -> 197067 | H48: SUM | I48: =SUM(I44:I47) -> 2572 | J48: =SUM(J44:J47) -> 1844 | K48: =SUM(K44:K47) -> 1448 | L48: =SUM(L44:L47) -> 2350 | M48: =SUM(M44:M47) -> 8214

Sheet Local Traffic
A1: Cars (veh/day) | H1: Cars (veh/hour)
A2: O/D | B2: N1 Junction | C2: Bay Terminal | D2: Chattogram Port | E2: South | F2: SUM | H2: O/D | I2: N1 Junction | J2: Bay Terminal | K2: Chattogram Port | L2: South | M2: SUM
A3: N1 Junction | B3: 0 | C3: 5472 | D3: 3284 | E3: 1570 | F3: =SUM(B3:E3) -> 10326 | H3: N1 Junction | I3: =ROUND(B3/24, 0) -> 0 | J3: =ROUND(C3/24, 0) -> 228 | K3: =ROUND(D3/24, 0) -> 137 | L3: =ROUND(E3/24, 0) -> 65 | M3: =SUM(I3:L3) -> 430
A4: Bay Terminal | B4: 5472 | C4: 0 | D4: 0 | E4: 1570 | F4: =SUM(B4:E4) -> 7042 | H4: Bay Terminal | I4: =ROUND(B4/24, 0) -> 228 | J4: =ROUND(C4/24, 0) -> 0 | K4: =ROUND(D4/24, 0) -> 0 | L4: =ROUND(E4/24, 0) -> 65 | M4: =SUM(I4:L4) -> 293
A5: Chattogram Port | B5: 3284 | C5: 0 | D5: 0 | E5: 1570 | F5: =SUM(B5:E5) -> 4854 | H5: Chattogram Port | I5: =ROUND(B5/24, 0) -> 137 | J5: =ROUND(C5/24, 0) -> 0 | K5: =ROUND(D5/24, 0) -> 0 | L5: =ROUND(E5/24, 0) -> 65 | M5: =SUM(I5:L5) -> 202
A6: South | B6: 1570 | C6: 1570 | D6: 1570 | E6: 0 | F6: =SUM(B6:E6) -> 4710 | H6: South | I6: =ROUND(B6/24, 0) -> 65 | J6: =ROUND(C6/24, 0) -> 65 | K6: =ROUND(D6/24, 0) -> 65 | L6: =ROUND(E6/24, 0) -> 0 | M6: =SUM(I6:L6) -> 195
A7: SUM | B7: =SUM(B3:B6) -> 10326 | C7: =SUM(C3:C6) -> 7042 | D7: =SUM(D3:D6) -> 4854 | E7: =SUM(E3:E6) -> 4710 | F7: =SUM(F3:F6) -> 26932 | H7: SUM | I7: =SUM(I3:I6) -> 430 | J7: =SUM(J3:J6) -> 293 | K7: =SUM(K3:K6) -> 202 | L7: =SUM(L3:L6) -> 195 | M7: =SUM(M3:M6) -> 1120
A10: Bus (veh/day) | H10: Bus (veh/hour)
A11: O/D | B11: N1 Junction | C11: Bay Terminal | D11: Chattogram Port | E11: South | F11: SUM | H11: O/D | I11: N1 Junction | J11: Bay Terminal | K11: Chattogram Port | L11: South | M11: SUM
A12: N1 Junction | B12: 0 | C12: 6495 | D12: 3898 | E12: 1552 | F12: =SUM(B12:E12) -> 11945 | H12: N1 Junction | I12: =ROUND(B12/24, 0) -> 0 | J12: =ROUND(C12/24, 0) -> 271 | K12: =ROUND(D12/24, 0) -> 162 | L12: =ROUND(E12/24, 0) -> 65 | M12: =SUM(I12:L12) -> 498
A13: Bay Terminal | B13: 6495 | C13: 0 | D13: 0 | E13: 1551 | F13: =SUM(B13:E13) -> 8046 | H13: Bay Terminal | I13: =ROUND(B13/24, 0) -> 271 | J13: =ROUND(C13/24, 0) -> 0 | K13: =ROUND(D13/24, 0) -> 0 | L13: =ROUND(E13/24, 0) -> 65 | M13: =SUM(I13:L13) -> 336
A14: Chattogram Port | B14: 3898 | C14: 0 | D14: 0 | E14: 1552 | F14: =SUM(B14:E14) -> 5450 | H14: Chattogram Port | I14: =ROUND(B14/24, 0) -> 162 | J14: =ROUND(C14/24, 0) -> 0 | K14: =ROUND(D14/24, 0) -> 0 | L14: =ROUND(E14/24, 0) -> 65 | M14: =SUM(I14:L14) -> 227
A15: South | B15: 1552 | C15: 1551 | D15: 1552 | E15: 0 | F15: =SUM(B15:E15) -> 4655 | H15: South | I15: =ROUND(B15/24, 0) -> 65 | J15: =ROUND(C15/24, 0) -> 65 | K15: =ROUND(D15/24, 0) -> 65 | L15: =ROUND(E15/24, 0) -> 0 | M15: =SUM(I15:L15) -> 195
A16: SUM | B16: =SUM(B12:B15) -> 11945 | C16: =SUM(C12:C15) -> 8046 | D16: =SUM(D12:D15) -> 5450 | E16: =SUM(E12:E15) -> 4655 | F16: =SUM(F12:F15) -> 30096 | H16: SUM | I16: =SUM(I12:I15) -> 498 | J16: =SUM(J12:J15) -> 336 | K16: =SUM(K12:K15) -> 227 | L16: =SUM(L12:L15) -> 195 | M16: =SUM(M12:M15) -> 1256
A19: SMV (veh/day) | H19: SMV (veh/hour)
A20: O/D | B20: N1 Junction | C20: Bay Terminal | D20: Chattogram Port | E20: South | F20: SUM | H20: O/D | I20: N1 Junction | J20: Bay Terminal | K20: Chattogram Port | L20: South | M20: SUM
A21: N1 Junction | B21: 0 | C21: 1623 | D21: 974 | E21: 3246 | F21: =SUM(B21:E21) -> 5843 | H21: N1 Junction | I21: =ROUND(B21/24, 0) -> 0 | J21: =ROUND(C21/24, 0) -> 68 | K21: =ROUND(D21/24, 0) -> 41 | L21: =ROUND(E21/24, 0) -> 135 | M21: =SUM(I21:L21) -> 244
A22: Bay Terminal | B22: 1623 | C22: 0 | D22: 0 | E22: 6682 | F22: =SUM(B22:E22) -> 8305 | H22: Bay Terminal | I22: =ROUND(B22/24, 0) -> 68 | J22: =ROUND(C22/24, 0) -> 0 | K22: =ROUND(D22/24, 0) -> 0 | L22: =ROUND(E22/24, 0) -> 278 | M22: =SUM(I22:L22) -> 346
A23: Chattogram Port | B23: 974 | C23: 0 | D23: 0 | E23: 6682 | F23: =SUM(B23:E23) -> 7656 | H23: Chattogram Port | I23: =ROUND(B23/24, 0) -> 41 | J23: =ROUND(C23/24, 0) -> 0 | K23: =ROUND(D23/24, 0) -> 0 | L23: =ROUND(E23/24, 0) -> 278 | M23: =SUM(I23:L23) -> 319
A24: South | B24: 3246 | C24: 6682 | D24: 6682 | E24: 0 | F24: =SUM(B24:E24) -> 16610 | H24: South | I24: =ROUND(B24/24, 0) -> 135 | J24: =ROUND(C24/24, 0) -> 278 | K24: =ROUND(D24/24, 0) -> 278 | L24: =ROUND(E24/24, 0) -> 0 | M24: =SUM(I24:L24) -> 691
A25: SUM | B25: =SUM(B21:B24) -> 5843 | C25: =SUM(C21:C24) -> 8305 | D25: =SUM(D21:D24) -> 7656 | E25: =SUM(E21:E24) -> 16610 | F25: =SUM(F21:F24) -> 38414 | H25: SUM | I25: =SUM(I21:I24) -> 244 | J25: =SUM(J21:J24) -> 346 | K25: =SUM(K21:K24) -> 319 | L25: =SUM(L21:L24) -> 691 | M25: =SUM(M21:M24) -> 1600

Sheet Baseline 2022 Traffic
A1: Trailers (veh/day) | G1: Trailers (veh/hour)
A2: O/D | B2: N1 Junction | C2: Chattogram Port | D2: South | E2: SUM | G2: O/D | H2: N1 Junction | I2: Chattogram Port | J2: South | K2: SUM
A3: N1 Junction | B3: 0 | C3: 1208 | D3: 50 | E3: =SUM(B3:D3) -> 1258 | G3: N1 Junction | H3: =ROUND(B3/24, 0) -> 0 | I3: =ROUND(C3/24, 0) -> 50 | J3: =ROUND(D3/24, 0) -> 2 | K3: =SUM(H3:J3) -> 52
A4: Chattogram Port | B4: 1208 | C4: 0 | D4: 29 | E4: =SUM(B4:D4) -> 1237 | G4: Chattogram Port | H4: =ROUND(B4/24, 0) -> 50 | I4: =ROUND(C4/24, 0) -> 0 | J4: =ROUND(D4/24, 0) -> 1 | K4: =SUM(H4:J4) -> 51
A5: South | B5: 50 | C5: 29 | D5: 0 | E5: =SUM(B5:D5) -> 79 | G5: South | H5: =ROUND(B5/24, 0) -> 2 | I5: =ROUND(C5/24, 0) -> 1 | J5: =ROUND(D5/24, 0) -> 0 | K5: =SUM(H5:J5) -> 3
A6: SUM | B6: =SUM(B3:B5) -> 1258 | C6: =SUM(C3:C5) -> 1237 | D6: =SUM(D3:D5) -> 79 | E6: =SUM(B6:D6) -> 2574 | G6: SUM | H6: =SUM(H3:H5) -> 52 | I6: =SUM(I3:I5) -> 51 | J6: =SUM(J3:J5) -> 3 | K6: =SUM(H6:J6) -> 106
A9: Trucks (veh/day) | G9: Trucks (veh/hour)
A10: O/D | B10: N1 Junction | C10: Chattogram Port | D10: South | E10: SUM | G10: O/D | H10: N1 Junction | I10: Chattogram Port | J10: South | K10: SUM
A11: N1 Junction | B11: 0 | C11: 4929 | D11: 1500 | E11: =SUM(B11:D11) -> 6429 | G11: N1 Junction | H11: =ROUND(B11/24, 0) -> 0 | I11: =ROUND(C11/24, 0) -> 205 | J11: =ROUND(D11/24, 0) -> 63 | K11: =SUM(H11:J11) -> 268
A12: Chattogram Port | B12: 4929 | C12: 0 | D12: 1540 | E12: =SUM(B12:D12) -> 6469 | G12: Chattogram Port | H12: =ROUND(B12/24, 0) -> 205 | I12: =ROUND(C12/24, 0) -> 0 | J12: =ROUND(D12/24, 0) -> 64 | K12: =SUM(H12:J12) -> 269
A13: South | B13: 1500 | C13: 1540 | D13: 0 | E13: =SUM(B13:D13) -> 3040 | G13: South | H13: =ROUND(B13/24, 0) -> 63 | I13: =ROUND(C13/24, 0) -> 64 | J13: =ROUND(D13/24, 0) -> 0 | K13: =SUM(H13:J13) -> 127
A14: SUM | B14: =SUM(B11:B13) -> 6429 | C14: =SUM(C11:C13) -> 6469 | D14: =SUM(D11:D13) -> 3040 | E14: =SUM(B14:D14) -> 15938 | G14: SUM | H14: =SUM(H11:H13) -> 268 | I14: =SUM(I11:I13) -> 269 | J14: =SUM(J11:J13) -> 127 | K14: =SUM(H14:J14) -> 664
A17: Cars (veh/day) | G17: Cars (veh/hour)
A18: O/D | B18: N1 Junction | C18: Chattogram Port | D18: South | E18: SUM | G18: O/D | H18: N1 Junction | I18: Chattogram Port | J18: South | K18: SUM
A19: N1 Junction | B19: 0 | C19: 2856 | D19: 750 | E19: =SUM(B19:D19) -> 3606 | G19: N1 Junction | H19: =ROUND(B19/24, 0) -> 0 | I19: =ROUND(C19/24, 0) -> 119 | J19: =ROUND(D19/24, 0) -> 31 | K19: =SUM(H19:J19) -> 150
A20: Chattogram Port | B20: 2856 | C20: 0 | D20: 1292 | E20: =SUM(B20:D20) -> 4148 | G20: Chattogram Port | H20: =ROUND(B20/24, 0) -> 119 | I20: =ROUND(C20/24, 0) -> 0 | J20: =ROUND(D20/24, 0) -> 54 | K20: =SUM(H20:J20) -> 173
A21: South | B21: 750 | C21: 1292 | D21: 0 | E21: =SUM(B21:D21) -> 2042 | G21: South | H21: =ROUND(B21/24, 0) -> 31 | I21: =ROUND(C21/24, 0) -> 54 | J21: =ROUND(D21/24, 0) -> 0 | K21: =SUM(H21:J21) -> 85
A22: SUM | B22: =SUM(B19:B21) -> 3606 | C22: =SUM(C19:C21) -> 4148 | D22: =SUM(D19:D21) -> 2042 | E22: =SUM(B22:D22) -> 9796 | G22: SUM | H22: =SUM(H19:H21) -> 150 | I22: =SUM(I19:I21) -> 173 | J22: =SUM(J19:J21) -> 85 | K22: =SUM(H22:J22) -> 408
A25: Bus (veh/day) | G25: Bus (veh/hour)
A26: O/D | B26: N1 Junction | C26: Chattogram Port | D26: South | E26: SUM | G26: O/D | H26: N1 Junction | I26: Chattogram Port | J26: South | K26: SUM
A27: N1 Junction | B27: 0 | C27: 870 | D27: 500 | E27: =SUM(B27:D27) -> 1370 | G27: N1 Junction | H27: =ROUND(B27/24, 0) -> 0 | I27: =ROUND(C27/24, 0) -> 36 | J27: =ROUND(D27/24, 0) -> 21 | K27: =SUM(H27:J27) -> 57
A28: Chattogram Port | B28: 870 | C28: 0 | D28: 1058 | E28: =SUM(B28:D28) -> 1928 | G28: Chattogram Port | H28: =ROUND(B28/24, 0) -> 36 | I28: =ROUND(C28/24, 0) -> 0 | J28: =ROUND(D28/24, 0) -> 44 | K28: =SUM(H28:J28) -> 80
A29: South | B29: 500 | C29: 1058 | D29: 0 | E29: =SUM(B29:D29) -> 1558 | G29: South | H29: =ROUND(B29/24, 0) -> 21 | I29: =ROUND(C29/24, 0) -> 44 | J29: =ROUND(D29/24, 0) -> 0 | K29: =SUM(H29:J29) -> 65
A30: SUM | B30: =SUM(B27:B29) -> 1370 | C30: =SUM(C27:C29) -> 1928 | D30: =SUM(D27:D29) -> 1558 | E30: =SUM(B30:D30) -> 4856 | G30: SUM | H30: =SUM(H27:H29) -> 57 | I30: =SUM(I27:I29) -> 80 | J30: =SUM(J27:J29) -> 65 | K30: =SUM(H30:J30) -> 202
A33: SMV (veh/day) | G33: SMV (veh/hour)
A34: O/D | B34: N1 Junction | C34: Chattogram Port | D34: South | E34: SUM | G34: O/D | H34: N1 Junction | I34: Chattogram Port | J34: South | K34: SUM
A35: N1 Junction | B35: 0 | C35: 1132 | D35: 1000 | E35: =SUM(B35:D35) -> 2132 | G35: N1 Junction | H35: =ROUND(B35/24, 0) -> 0 | I35: =ROUND(C35/24, 0) -> 47 | J35: =ROUND(D35/24, 0) -> 42 | K35: =SUM(H35:J35) -> 89
A36: Chattogram Port | B36: 1132 | C36: 0 | D36: 6382 | E36: =SUM(B36:D36) -> 7514 | G36: Chattogram Port | H36: =ROUND(B36/24, 0) -> 47 | I36: =ROUND(C36/24, 0) -> 0 | J36: =ROUND(D36/24, 0) -> 266 | K36: =SUM(H36:J36) -> 313
A37: South | B37: 1000 | C37: 6382 | D37: 0 | E37: =SUM(B37:D37) -> 7382 | G37: South | H37: =ROUND(B37/24, 0) -> 42 | I37: =ROUND(C37/24, 0) -> 266 | J37: =ROUND(D37/24, 0) -> 0 | K37: =SUM(H37:J37) -> 308
A38: SUM | B38: =SUM(B35:B37) -> 2132 | C38: =SUM(C35:C37) -> 7514 | D38: =SUM(D35:D37) -> 7382 | E38: =SUM(B38:D38) -> 17028 | G38: SUM | H38: =SUM(H35:H37) -> 89 | I38: =SUM(I35:I37) -> 313 | J38: =SUM(J35:J37) -> 308 | K38: =SUM(H38:J38) -> 710
